{"search":"","showTags":true,"showAttachments":true,"hideUnresolved":false,"showOrphans":true,"showArrow":false,"textFadeMultiplier":0.1,"nodeSizeMultiplier":0.866017628205128,"lineSizeMultiplier":1.79615384615385,"centerStrength":0.206586826347305,"repelStrength":7.48502994011976,"linkStrength":0.505988023952096,"linkDistance":30,"scale":0.31368433105332355}