{"search":"","showTags":true,"showAttachments":true,"hideUnresolved":false,"showOrphans":true,"showArrow":false,"textFadeMultiplier":-0.2,"nodeSizeMultiplier":0.840161516853933,"lineSizeMultiplier":1.56724719101124,"centerStrength":0.2547141796585,"repelStrength":6.902823305488,"linkStrength":0.726429101707498,"linkDistance":31,"scale":0.47291041109060544}