{"search":"","showTags":true,"showAttachments":true,"hideUnresolved":false,"showOrphans":true,"showArrow":false,"textFadeMultiplier":-0.2,"nodeSizeMultiplier":0.840161516853933,"lineSizeMultiplier":1.56724719101124,"centerStrength":0.275808823529412,"repelStrength":8.24705882352941,"linkStrength":0.769926470588235,"linkDistance":31,"scale":0.5341843915297919}