{"search":"","showTags":true,"showAttachments":true,"hideUnresolved":false,"showOrphans":true,"showArrow":false,"textFadeMultiplier":-0.8,"nodeSizeMultiplier":1.20112359550562,"lineSizeMultiplier":1.28921348314607,"centerStrength":0.657185628742515,"repelStrength":16.8195991091314,"linkStrength":0.51936751497006,"linkDistance":30,"scale":0.4019106105689856}